Manufacturer,ASIN,Title,"Sellers (Price | Condition)",DetailPageURL
BuyCheapCables,B00BFKK8VA,"BuyCheapCables 100 Pack 12"" Nylon Cable Zip Ties Self Locking 5mm (Black- 50lbs)","Global Store Supply ( $5.56 | New ) ","<a href=""http://www.amazon.com/BuyCheapCables-Nylon-Cable-Locking-Black-/dp/B00BFKK8VA%3FSubscriptionId%3DAKIAJ5B3PBYNNBG2BXXQ%26tag%3Daws%26linkCode%3Dsp1%26camp%3D2025%26creative%3D165953%26creativeASIN%3DB00BFKK8VA"" target=""_blank"">Click to view</a>"
BuyCheapCables,B00BFKB5W6,"BuyCheapCables 100 Pack 12"" Nylon Cable Zip Ties Self Locking 5mm (Clear - 50lbs)","Global Store Supply ( $5.86 | New ) ","<a href=""http://www.amazon.com/BuyCheapCables-Nylon-Cable-Locking-Clear/dp/B00BFKB5W6%3FSubscriptionId%3DAKIAJ5B3PBYNNBG2BXXQ%26tag%3Daws%26linkCode%3Dsp1%26camp%3D2025%26creative%3D165953%26creativeASIN%3DB00BFKB5W6"" target=""_blank"">Click to view</a>"
BuyCheapCables,B00BFKIOUW,"BuyCheapCables 100 Pack 8"" Nylon Cable Zip Ties Self Locking 4mm (Black- 50lbs)","Global Store Supply ( $5.93 | New ) ","<a href=""http://www.amazon.com/BuyCheapCables-Nylon-Cable-Locking-Black-/dp/B00BFKIOUW%3FSubscriptionId%3DAKIAJ5B3PBYNNBG2BXXQ%26tag%3Daws%26linkCode%3Dsp1%26camp%3D2025%26creative%3D165953%26creativeASIN%3DB00BFKIOUW"" target=""_blank"">Click to view</a>"
BuyCheapCables,B00IRMMV78,"BuyCheapCables 100 Pack 10"" Nylon Cable Zip Ties Self Locking 5mm (Black- 50lbs)","Global Store Supply ( $5.17 | New ) ","<a href=""http://www.amazon.com/BuyCheapCables-Nylon-Cable-Locking-Black-/dp/B00IRMMV78%3FSubscriptionId%3DAKIAJ5B3PBYNNBG2BXXQ%26tag%3Daws%26linkCode%3Dsp1%26camp%3D2025%26creative%3D165953%26creativeASIN%3DB00IRMMV78"" target=""_blank"">Click to view</a>"
BuyCheapCables,B00BFK8I44,"BuyCheapCables 100 Pack 8"" Nylon Cable Zip Ties Self Locking 4mm (Clear - 50lbs)","Global Store Supply ( $5.91 | New ) ","<a href=""http://www.amazon.com/BuyCheapCables-Nylon-Cable-Locking-Clear/dp/B00BFK8I44%3FSubscriptionId%3DAKIAJ5B3PBYNNBG2BXXQ%26tag%3Daws%26linkCode%3Dsp1%26camp%3D2025%26creative%3D165953%26creativeASIN%3DB00BFK8I44"" target=""_blank"">Click to view</a>"
BuyCheapCables,B00M09Q1SE,"(3-Pack) BuyCheapCables Gold-Plated High Speed HDMI Female to HDMI Female Adapter Coupler Connector - 3D & 4K Resolution-Ready","AFFLUX ( $5.99 | New ) ","<a href=""http://www.amazon.com/BuyCheapCables-Gold-Plated-Adapter-Coupler-Connector/dp/B00M09Q1SE%3FSubscriptionId%3DAKIAJ5B3PBYNNBG2BXXQ%26tag%3Daws%26linkCode%3Dsp1%26camp%3D2025%26creative%3D165953%26creativeASIN%3DB00M09Q1SE"" target=""_blank"">Click to view</a>"
BuyCheapCables,B00M1GKOW0,"(10-Pack) BuyCheapCables Gold-Plated High Speed HDMI Female to HDMI Female Adapter Coupler Connector - 3D & 4K Resolution-Ready","AFFLUX ( $12.99 | New ) ","<a href=""http://www.amazon.com/10-Pack-BuyCheapCables-Gold-Plated-Adapter-Connector/dp/B00M1GKOW0%3FSubscriptionId%3DAKIAJ5B3PBYNNBG2BXXQ%26tag%3Daws%26linkCode%3Dsp1%26camp%3D2025%26creative%3D165953%26creativeASIN%3DB00M1GKOW0"" target=""_blank"">Click to view</a>"
BuyCheapCables,B004GZCRBA,"BuyCheapCables 3 Feet DisplayPort (Male) to HDMI (Male) Video Adapter Converter Cable 3'","Amazon Warehouse Deals ( $7.29 | Used ) ","<a href=""http://www.amazon.com/BuyCheapCables-DisplayPort-Video-Adapter-Converter/dp/B004GZCRBA%3FSubscriptionId%3DAKIAJ5B3PBYNNBG2BXXQ%26tag%3Daws%26linkCode%3Dsp1%26camp%3D2025%26creative%3D165953%26creativeASIN%3DB004GZCRBA"" target=""_blank"">Click to view</a>"
BuyCheapCables,B00JPO4H1A,"(5-Pack) BuyCheapCables Gold-Plated High Speed HDMI Female to HDMI Female Adapter Coupler Connector - 3D & 4K Resolution-Ready","AFFLUX ( $9.99 | New ) ","<a href=""http://www.amazon.com/BuyCheapCables-Gold-Plated-Adapter-Coupler-Connector/dp/B00JPO4H1A%3FSubscriptionId%3DAKIAJ5B3PBYNNBG2BXXQ%26tag%3Daws%26linkCode%3Dsp1%26camp%3D2025%26creative%3D165953%26creativeASIN%3DB00JPO4H1A"" target=""_blank"">Click to view</a>"
BuyCheapCables,B005GHZUL6,"BuyCheapCables 3Ft. USB Cable 2.0 A Male to Micro B (3Ft.)","Seekers Haven ( $3.99 | Used ) ","<a href=""http://www.amazon.com/BuyCheapCables-3Ft-Cable-Male-Micro/dp/B005GHZUL6%3FSubscriptionId%3DAKIAJ5B3PBYNNBG2BXXQ%26tag%3Daws%26linkCode%3Dsp1%26camp%3D2025%26creative%3D165953%26creativeASIN%3DB005GHZUL6"" target=""_blank"">Click to view</a>"
BuyCheapCables,B00M0X5Z1O,"BuyCheapCables 100 Pack 11 5/8"" (29.5CM) Nylon Cable Zip Ties Self Locking 4.7mm (Black- 50lbs Tensile Strength)","Global Store Supply ( $6.97 | New ) ","<a href=""http://www.amazon.com/BuyCheapCables-29-5CM-Locking-Tensile-Strength/dp/B00M0X5Z1O%3FSubscriptionId%3DAKIAJ5B3PBYNNBG2BXXQ%26tag%3Daws%26linkCode%3Dsp1%26camp%3D2025%26creative%3D165953%26creativeASIN%3DB00M0X5Z1O"" target=""_blank"">Click to view</a>"
